{"cameraMode":{"drawMode":0,"name":"Shaded","section":"Shading Mode"},"sceneLighting":true,"audioPlay":false,"sceneViewState":{"m_AlwaysRefresh":false,"showFog":true,"showSkybox":true,"showFlares":true,"showImageEffects":true,"showParticleSystems":true,"showVisualEffectGraphs":true,"m_FxEnabled":true},"in2DMode":false,"pivot":{"x":4.173299789428711,"y":6.396664142608643,"z":11.56869125366211},"rotation":{"x":-0.00749983312562108,"y":-0.005999935790896416,"z":-0.000045136188418837264,"w":0.9999569058418274},"size":7.446552753448486,"orthographic":true}